-- Seed Data for Impact Flow
-- This file creates initial test data matching the localStorage seed data

-- Note: Password hashes will be generated by the application on first run
-- All default passwords: Password123!

-- ============================================================================
-- ORGANIZATIONS
-- ============================================================================

INSERT INTO organizations (id, name, owner_id, created_at) VALUES
('00000000-0000-0000-0000-000000000001', 'Impact Flow HQ', '10000000-0000-0000-0000-000000000001', NOW()),
('00000000-0000-0000-0000-000000000002', 'Test App', '10000000-0000-0000-0000-000000000005', NOW());

-- ============================================================================
-- USERS
-- Note: password_hash will be set by migration script
-- Recovery keys are in format: RK-XXXX-XXXX-XXXX
-- ============================================================================

INSERT INTO users (id, organization_id, username, password_hash, recovery_key, name, email, role, avatar_initials, created_at) VALUES
-- System Admin (no org)
('10000000-0000-0000-0000-000000000000', NULL, 'sysadmin', '', 'RK-SYS-0000-KEY', 'System Admin', 'sysadmin@impactflow.com', 'SYSTEM_ADMIN', 'SA', NOW()),

-- Impact Flow HQ Users
('10000000-0000-0000-0000-000000000001', '00000000-0000-0000-0000-000000000001', 'admin', '', 'RK-ADMIN-0000-KEY', 'Alex Admin', 'alex@impactflow.com', 'OWNER', 'AA', NOW()),
('10000000-0000-0000-0000-000000000002', '00000000-0000-0000-0000-000000000001', 'sarah', '', 'RK-USER-1111-KEY', 'Sarah Dev', 'sarah@impactflow.com', 'USER', 'SD', NOW()),
('10000000-0000-0000-0000-000000000003', '00000000-0000-0000-0000-000000000001', 'mike', '', 'RK-USER-2222-KEY', 'Mike Design', 'mike@impactflow.com', 'USER', 'MD', NOW()),

-- Test App Users
('10000000-0000-0000-0000-000000000005', '00000000-0000-0000-0000-000000000002', 'test0', '', 'RK-TEST-0000-KEY', 'Test Owner', 'test0@testapp.com', 'OWNER', 'TO', NOW()),
('10000000-0000-0000-0000-000000000006', '00000000-0000-0000-0000-000000000002', 'test1', '', 'RK-TEST-1111-KEY', 'Test Sales Admin', 'test1@testapp.com', 'TEAM_ADMIN', 'T1', NOW()),
('10000000-0000-0000-0000-000000000007', '00000000-0000-0000-0000-000000000002', 'test2', '', 'RK-TEST-2222-KEY', 'Test Sales User', 'test2@testapp.com', 'USER', 'T2', NOW()),
('10000000-0000-0000-0000-000000000008', '00000000-0000-0000-0000-000000000002', 'test3', '', 'RK-TEST-3333-KEY', 'Test Floater', 'test3@testapp.com', 'USER', 'T3', NOW());

-- Update organization owner references
UPDATE organizations SET owner_id = '10000000-0000-0000-0000-000000000001' WHERE id = '00000000-0000-0000-0000-000000000001';
UPDATE organizations SET owner_id = '10000000-0000-0000-0000-000000000005' WHERE id = '00000000-0000-0000-0000-000000000002';

-- ============================================================================
-- TEAMS
-- ============================================================================

INSERT INTO teams (id, organization_id, name, color, created_at) VALUES
-- Impact Flow HQ Teams
('20000000-0000-0000-0000-000000000001', '00000000-0000-0000-0000-000000000001', 'Product', 'bg-purple-500', NOW()),
('20000000-0000-0000-0000-000000000002', '00000000-0000-0000-0000-000000000001', 'Engineering', 'bg-blue-500', NOW()),
('20000000-0000-0000-0000-000000000003', '00000000-0000-0000-0000-000000000001', 'Design', 'bg-pink-500', NOW()),
('20000000-0000-0000-0000-000000000004', '00000000-0000-0000-0000-000000000001', 'Marketing', 'bg-orange-500', NOW()),
('20000000-0000-0000-0000-000000000005', '00000000-0000-0000-0000-000000000001', 'Customer Success', 'bg-green-500', NOW()),

-- Test App Teams
('20000000-0000-0000-0000-000000000010', '00000000-0000-0000-0000-000000000002', 'Sales', 'bg-green-500', NOW()),
('20000000-0000-0000-0000-000000000011', '00000000-0000-0000-0000-000000000002', 'Marketing', 'bg-orange-500', NOW()),
('20000000-0000-0000-0000-000000000012', '00000000-0000-0000-0000-000000000002', 'Engineering', 'bg-blue-500', NOW()),
('20000000-0000-0000-0000-000000000013', '00000000-0000-0000-0000-000000000002', 'DevOps', 'bg-slate-500', NOW()),
('20000000-0000-0000-0000-000000000014', '00000000-0000-0000-0000-000000000002', 'HR', 'bg-rose-500', NOW());

-- ============================================================================
-- USER-TEAM MEMBERSHIPS
-- ============================================================================

INSERT INTO user_teams (user_id, team_id) VALUES
-- Impact Flow HQ
('10000000-0000-0000-0000-000000000001', '20000000-0000-0000-0000-000000000001'), -- admin -> Product
('10000000-0000-0000-0000-000000000001', '20000000-0000-0000-0000-000000000004'), -- admin -> Marketing
('10000000-0000-0000-0000-000000000002', '20000000-0000-0000-0000-000000000002'), -- sarah -> Engineering
('10000000-0000-0000-0000-000000000002', '20000000-0000-0000-0000-000000000005'), -- sarah -> Customer Success
('10000000-0000-0000-0000-000000000003', '20000000-0000-0000-0000-000000000003'), -- mike -> Design
('10000000-0000-0000-0000-000000000003', '20000000-0000-0000-0000-000000000001'), -- mike -> Product

-- Test App
('10000000-0000-0000-0000-000000000006', '20000000-0000-0000-0000-000000000010'), -- test1 -> Sales
('10000000-0000-0000-0000-000000000006', '20000000-0000-0000-0000-000000000011'), -- test1 -> Marketing
('10000000-0000-0000-0000-000000000007', '20000000-0000-0000-0000-000000000010'), -- test2 -> Sales
('10000000-0000-0000-0000-000000000008', '20000000-0000-0000-0000-000000000013'); -- test3 -> DevOps

-- ============================================================================
-- SUPPORT TICKETS
-- ============================================================================

INSERT INTO support_tickets (id, user_id, subject, message, status, created_at) VALUES
('90000000-0000-0000-0000-000000000001', '10000000-0000-0000-0000-000000000002', 'Password Reset Help', 'I cannot find my recovery key.', 'OPEN', NOW()),
('90000000-0000-0000-0000-000000000002', '10000000-0000-0000-0000-000000000003', 'Feature Request', 'Can we have dark mode?', 'RESOLVED', NOW() - INTERVAL '1 day');

-- ============================================================================
-- SAMPLE TASKS (Small set - not 50 like localStorage)
-- The application can generate more via API if needed
-- ============================================================================

INSERT INTO tasks (id, organization_id, title, description, status, priority, creator_id, start_date, due_date, created_at) VALUES
('30000000-0000-0000-0000-000000000001', '00000000-0000-0000-0000-000000000001', 'Fix Login Flow', 'Resolve authentication issues on mobile devices', 'IN_PROGRESS', 'HIGH', '10000000-0000-0000-0000-000000000002', CURRENT_DATE, CURRENT_DATE + 7, NOW() - INTERVAL '3 days'),
('30000000-0000-0000-0000-000000000002', '00000000-0000-0000-0000-000000000001', 'Design Homepage UI', 'Create mockups for new homepage redesign', 'TODO', 'MEDIUM', '10000000-0000-0000-0000-000000000003', CURRENT_DATE + 1, CURRENT_DATE + 14, NOW() - INTERVAL '1 day'),
('30000000-0000-0000-0000-000000000003', '00000000-0000-0000-0000-000000000001', 'Q3 Sales Report', 'Compile quarterly sales metrics and analysis', 'COMPLETED', 'CRITICAL', '10000000-0000-0000-0000-000000000001', CURRENT_DATE - 30, CURRENT_DATE - 5, NOW() - INTERVAL '35 days'),
('30000000-0000-0000-0000-000000000004', '00000000-0000-0000-0000-000000000002', 'Deploy AWS Infrastructure', 'Set up production environment on AWS', 'REVIEW', 'HIGH', '10000000-0000-0000-0000-000000000008', CURRENT_DATE - 7, CURRENT_DATE + 3, NOW() - INTERVAL '10 days');

-- Task Assignees
INSERT INTO task_assignees (task_id, user_id) VALUES
('30000000-0000-0000-0000-000000000001', '10000000-0000-0000-0000-000000000002'),
('30000000-0000-0000-0000-000000000002', '10000000-0000-0000-0000-000000000003'),
('30000000-0000-0000-0000-000000000003', '10000000-0000-0000-0000-000000000001'),
('30000000-0000-0000-0000-000000000004', '10000000-0000-0000-0000-000000000008');

-- Task Admins (creator is auto-admin)
INSERT INTO task_admins (task_id, user_id) VALUES
('30000000-0000-0000-0000-000000000001', '10000000-0000-0000-0000-000000000002'),
('30000000-0000-0000-0000-000000000002', '10000000-0000-0000-0000-000000000003'),
('30000000-0000-0000-0000-000000000003', '10000000-0000-0000-0000-000000000001'),
('30000000-0000-0000-0000-000000000004', '10000000-0000-0000-0000-000000000008');

-- Subtasks for task 1
INSERT INTO subtasks (id, task_id, title, completed, hours_spent, estimated_hours, category, notes, position) VALUES
('40000000-0000-0000-0000-000000000001', '30000000-0000-0000-0000-000000000001', 'Research OAuth implementation', false, 0, 4, 'Research', 'Look into Auth0 vs Firebase', 0),
('40000000-0000-0000-0000-000000000002', '30000000-0000-0000-0000-000000000001', 'Implement login endpoint', false, 0, 8, 'Development', 'Backend API changes', 1),
('40000000-0000-0000-0000-000000000003', '30000000-0000-0000-0000-000000000001', 'Test on iOS and Android', false, 0, 6, 'Testing', 'Full QA cycle', 2);

-- Comments for task 1
INSERT INTO comments (id, task_id, author_id, text, created_at) VALUES
('50000000-0000-0000-0000-000000000001', '30000000-0000-0000-0000-000000000001', '10000000-0000-0000-0000-000000000001', 'This is high priority - customers are complaining!', NOW() - INTERVAL '2 days'),
('50000000-0000-0000-0000-000000000002', '30000000-0000-0000-0000-000000000001', '10000000-0000-0000-0000-000000000002', 'Working on it now, should have fix by EOD.', NOW() - INTERVAL '1 day');

-- Impact Metrics
INSERT INTO impact_metrics (id, task_id, type, value, achieved_value, currency, description) VALUES
('60000000-0000-0000-0000-000000000001', '30000000-0000-0000-0000-000000000003', 'Revenue', 250000.00, 275000.00, 'USD', 'Q3 revenue target exceeded'),
('60000000-0000-0000-0000-000000000002', '30000000-0000-0000-0000-000000000001', 'Time Saved (Hours)', 120.00, 0, 'USD', 'Reduced customer support time');

-- Activity Log
INSERT INTO activity_log (id, task_id, user_id, user_name, action, timestamp) VALUES
('70000000-0000-0000-0000-000000000001', '30000000-0000-0000-0000-000000000001', '10000000-0000-0000-0000-000000000002', 'Sarah Dev', 'Changed status to IN_PROGRESS', NOW() - INTERVAL '2 days'),
('70000000-0000-0000-0000-000000000002', '30000000-0000-0000-0000-000000000003', '10000000-0000-0000-0000-000000000001', 'Alex Admin', 'Changed status to COMPLETED', NOW() - INTERVAL '5 days');
