-- Seed Data for Impact Flow (Single User)
-- This file creates initial data for a single-user task manager

-- Note: Password hash will be generated by the seed-db.js script
-- Default password: Password123!

-- ============================================================================
-- SINGLE USER
-- ============================================================================

INSERT INTO users (id, username, password_hash, recovery_key, name, email, avatar_initials, created_at) VALUES
('10000000-0000-0000-0000-000000000001', 'user', '', 'RK-USER-0000-KEY', 'Default User', 'user@impactflow.local', 'DU', NOW());

-- ============================================================================
-- SAMPLE TASKS
-- ============================================================================

INSERT INTO tasks (id, title, description, status, priority, creator_id, start_date, due_date, created_at) VALUES
('30000000-0000-0000-0000-000000000001', 'Set Up Development Environment', 'Install all necessary tools and configure the workspace', 'COMPLETED', 'HIGH', '10000000-0000-0000-0000-000000000001', CURRENT_DATE - 7, CURRENT_DATE - 3, NOW() - INTERVAL '7 days'),
('30000000-0000-0000-0000-000000000002', 'Review Project Requirements', 'Go through the project spec and identify key deliverables', 'IN_PROGRESS', 'CRITICAL', '10000000-0000-0000-0000-000000000001', CURRENT_DATE - 2, CURRENT_DATE + 2, NOW() - INTERVAL '2 days'),
('30000000-0000-0000-0000-000000000003', 'Design System Architecture', 'Create high-level architecture diagrams and documentation', 'TODO', 'MEDIUM', '10000000-0000-0000-0000-000000000001', CURRENT_DATE + 1, CURRENT_DATE + 10, NOW() - INTERVAL '1 day'),
('30000000-0000-0000-0000-000000000004', 'Weekly Planning Session', 'Plan tasks and priorities for the upcoming week', 'TODO', 'LOW', '10000000-0000-0000-0000-000000000001', CURRENT_DATE + 7, CURRENT_DATE + 7, NOW());

-- Subtasks for task 2 (Review Project Requirements)
INSERT INTO subtasks (id, task_id, title, completed, hours_spent, estimated_hours, category, notes, position) VALUES
('40000000-0000-0000-0000-000000000001', '30000000-0000-0000-0000-000000000002', 'Read project documentation', true, 2, 2, 'Research', 'Completed initial review', 0),
('40000000-0000-0000-0000-000000000002', '30000000-0000-0000-0000-000000000002', 'Identify key milestones', false, 0, 1, 'Planning', 'Mark critical deadlines', 1),
('40000000-0000-0000-0000-000000000003', '30000000-0000-0000-0000-000000000002', 'Create task breakdown', false, 0, 3, 'Planning', 'Break into smaller tasks', 2);

-- Subtasks for task 3 (Design System Architecture)
INSERT INTO subtasks (id, task_id, title, completed, hours_spent, estimated_hours, category, notes, position) VALUES
('40000000-0000-0000-0000-000000000004', '30000000-0000-0000-0000-000000000003', 'Research architecture patterns', false, 0, 4, 'Research', 'Look at similar projects', 0),
('40000000-0000-0000-0000-000000000005', '30000000-0000-0000-0000-000000000003', 'Draft initial diagrams', false, 0, 6, 'Development', 'Use Mermaid for flowcharts', 1),
('40000000-0000-0000-0000-000000000006', '30000000-0000-0000-0000-000000000003', 'Review and refine', false, 0, 2, 'Review', 'Iterate on feedback', 2);

-- Comments
INSERT INTO comments (id, task_id, author_id, text, created_at) VALUES
('50000000-0000-0000-0000-000000000001', '30000000-0000-0000-0000-000000000002', '10000000-0000-0000-0000-000000000001', 'Started reviewing the documentation today. Looking good so far!', NOW() - INTERVAL '1 day'),
('50000000-0000-0000-0000-000000000002', '30000000-0000-0000-0000-000000000001', '10000000-0000-0000-0000-000000000001', 'Dev environment all set up and working.', NOW() - INTERVAL '3 days');

-- Impact Metrics
INSERT INTO impact_metrics (id, task_id, type, value, achieved_value, currency, description) VALUES
('60000000-0000-0000-0000-000000000001', '30000000-0000-0000-0000-000000000001', 'Time Saved (Hours)', 4.00, 4.00, 'USD', 'Time saved by having proper dev setup'),
('60000000-0000-0000-0000-000000000002', '30000000-0000-0000-0000-000000000002', 'Quality Score', 100.00, 0, 'USD', 'Requirements coverage percentage');

-- Activity Log
INSERT INTO activity_log (id, task_id, user_id, user_name, action, timestamp) VALUES
('70000000-0000-0000-0000-000000000001', '30000000-0000-0000-0000-000000000001', '10000000-0000-0000-0000-000000000001', 'Default User', 'Changed status to COMPLETED', NOW() - INTERVAL '3 days'),
('70000000-0000-0000-0000-000000000002', '30000000-0000-0000-0000-000000000002', '10000000-0000-0000-0000-000000000001', 'Default User', 'Changed status to IN_PROGRESS', NOW() - INTERVAL '1 day');
